"","Year","Zip.Code","Count","MedNormSourceEUI","MedSiteEUI","MedSourceEUI","MedNormSiteEUI","city","Borough","Observations","region"
"1","2011","20001",22,222.65,68.25,NA,NA,"DC",NA,NA,"20001"
"2","2011","20002",12,226.7,77.15,NA,NA,"DC",NA,NA,"20002"
"3","2011","20003",5,216.6,65.6,NA,NA,"DC",NA,NA,"20003"
"4","2011","20004",23,224.4,70.6,NA,NA,"DC",NA,NA,"20004"
"5","2011","20005",38,210.2,64.9,NA,NA,"DC",NA,NA,"20005"
"6","2011","20006",20,218.3,71.7,NA,NA,"DC",NA,NA,"20006"
"7","2011","20007",8,275.35,92.85,NA,NA,"DC",NA,NA,"20007"
"8","2011","20008",4,228.9,100.85,NA,NA,"DC",NA,NA,"20008"
"9","2011","20009",2,245.5,113.35,NA,NA,"DC",NA,NA,"20009"
"10","2011","20016",2,427.55,131.6,NA,NA,"DC",NA,NA,"20016"
"11","2011","20024",15,244.45,76.6,NA,NA,"DC",NA,NA,"20024"
"12","2011","20036",19,220.9,72.8,NA,NA,"DC",NA,NA,"20036"
"13","2011","20037",14,220.05,72.95,NA,NA,"DC",NA,NA,"20037"
"14","2011","20052",4,216.35,80.55,NA,NA,"DC",NA,NA,"20052"
"15","2011","20059",2,130.4,40.85,NA,NA,"DC",NA,NA,"20059"
"16","2012","20001",37,195.3,63.9,NA,NA,"DC",NA,NA,"20001"
"17","2012","20002",17,205.7,73.5,NA,NA,"DC",NA,NA,"20002"
"18","2012","20003",8,186.5,57.65,NA,NA,"DC",NA,NA,"20003"
"19","2012","20004",27,220.15,NA,NA,NA,"DC",NA,NA,"20004"
"20","2012","20005",53,198.35,61.8,NA,NA,"DC",NA,NA,"20005"
"21","2012","20006",36,203.75,63.8,NA,NA,"DC",NA,NA,"20006"
"22","2012","20007",22,185.8,70.85,NA,NA,"DC",NA,NA,"20007"
"23","2012","20008",26,123.7,60.35,NA,NA,"DC",NA,NA,"20008"
"24","2012","20009",10,106.55,60.1,NA,NA,"DC",NA,NA,"20009"
"25","2012","20010",5,110.6,59.4,NA,NA,"DC",NA,NA,"20010"
"26","2012","20015",4,166.75,73.1,NA,NA,"DC",NA,NA,"20015"
"27","2012","20016",15,118.45,NA,NA,NA,"DC",NA,NA,"20016"
"28","2012","20017",7,156.2,72.4,NA,NA,"DC",NA,NA,"20017"
"29","2012","20024",26,224.3,74.55,NA,NA,"DC",NA,NA,"20024"
"30","2012","20036",41,202.8,66.9,NA,NA,"DC",NA,NA,"20036"
"31","2012","20037",26,194.8,73.6,NA,NA,"DC",NA,NA,"20037"
"32","2012","20052",14,205.25,82,NA,NA,"DC",NA,NA,"20052"
"33","2012","20057",3,459.5,208.6,NA,NA,"DC",NA,NA,"20057"
"34","2012","20059",2,117.25,37.6,NA,NA,"DC",NA,NA,"20059"
"35","2013","20001",47,186.2,72.1,185.9,72.1,"DC",NA,NA,"20001"
"36","2013","20002",26,191.95,75.95,191.55,76.2,"DC",NA,NA,"20002"
"37","2013","20003",9,206,91.8,206,92.9,"DC",NA,NA,"20003"
"38","2013","20004",31,198.2,63.1,198.2,63.1,"DC",NA,NA,"20004"
"39","2013","20005",80,189,64.7,188.75,64.75,"DC",NA,NA,"20005"
"40","2013","20006",48,190.7,64.15,190.7,64.15,"DC",NA,NA,"20006"
"41","2013","20007",26,179.35,76.3,179.1,76.35,"DC",NA,NA,"20007"
"42","2013","20008",7,95.5,58.1,95.4,58.5,"DC",NA,NA,"20008"
"43","2013","20009",12,137.45,72.7,137,73.25,"DC",NA,NA,"20009"
"44","2013","20010",2,305.95,158.05,305.05,158.9,"DC",NA,NA,"20010"
"45","2013","20011",2,133.95,55.3,133.75,55.45,"DC",NA,NA,"20011"
"46","2013","20012",2,174.15,64,174.35,63.95,"DC",NA,NA,"20012"
"47","2013","20015",5,150.8,75.3,150.5,76,"DC",NA,NA,"20015"
"48","2013","20016",12,189,76.35,189,76.7,"DC",NA,NA,"20016"
"49","2013","20017",9,175.6,101.5,175.3,102.7,"DC",NA,NA,"20017"
"50","2013","20018",7,161.2,83,160.4,83.4,"DC",NA,NA,"20018"
"51","2013","20019",9,143,80.9,143,81.9,"DC",NA,NA,"20019"
"52","2013","20020",4,198.95,105.5,198.05,106.4,"DC",NA,NA,"20020"
"53","2013","20024",31,215,71.3,214.3,71.3,"DC",NA,NA,"20024"
"54","2013","20036",72,200.25,70.05,200.45,70.1,"DC",NA,NA,"20036"
"55","2013","20037",28,204.2,78.35,204.25,78.45,"DC",NA,NA,"20037"
"56","2013","20052",10,175.3,72,175,72.45,"DC",NA,NA,"20052"
"57","2013","20059",3,142.5,45.4,142.5,45.4,"DC",NA,NA,"20059"
"58","2013","20577",2,173.45,55.7,173.45,55.7,"DC",NA,NA,"20577"
"59","2014","20001",95,168,62,168,62.5,"DC",NA,NA,"20001"
"60","2014","20002",72,175.5,71,176.5,70.1,"DC",NA,NA,"20002"
"61","2014","20003",28,151.1,73.65,152.6,72.75,"DC",NA,NA,"20003"
"62","2014","20004",44,205.5,66.5,202.5,68.15,"DC",NA,NA,"20004"
"63","2014","20005",133,185.5,66,185,65.3,"DC",NA,NA,"20005"
"64","2014","20006",75,187,65,191,66.15,"DC",NA,NA,"20006"
"65","2014","20007",49,172,77,172,76.7,"DC",NA,NA,"20007"
"66","2014","20008",73,108.5,60,109,57.65,"DC",NA,NA,"20008"
"67","2014","20009",84,115,59,115.5,58.9,"DC",NA,NA,"20009"
"68","2014","20010",36,122.6,67.25,123.5,62.8,"DC",NA,NA,"20010"
"69","2014","20011",39,122,69,121,68.2,"DC",NA,NA,"20011"
"70","2014","20012",14,120.5,69,122,67.85,"DC",NA,NA,"20012"
"71","2014","20015",14,141,71.5,144.5,67.6,"DC",NA,NA,"20015"
"72","2014","20016",45,126.5,65,127,63,"DC",NA,NA,"20016"
"73","2014","20017",16,131,69.5,134.5,68.8,"DC",NA,NA,"20017"
"74","2014","20018",33,99,50,100,45.2,"DC",NA,NA,"20018"
"75","2014","20019",36,134,74.15,135.9,73.15,"DC",NA,NA,"20019"
"76","2014","20020",33,137.8,72.6,139.3,71.7,"DC",NA,NA,"20020"
"77","2014","20024",49,177,79,187,77.5,"DC",NA,NA,"20024"
"78","2014","20032",17,128.5,54,129,53.5,"DC",NA,NA,"20032"
"79","2014","20036",119,186,71,187,70.25,"DC",NA,NA,"20036"
"80","2014","20037",62,179,71,178,70.4,"DC",NA,NA,"20037"
"81","2014","20052",17,166,78,169,81.95,"DC",NA,NA,"20052"
"82","2015","20001",124,182.2,68.15,181.75,69.05,"DC",NA,NA,"20001"
"83","2015","20002",96,173.3,NA,176.3,69.4,"DC",NA,NA,"20002"
"84","2015","20003",46,166.25,65.35,163.05,66.05,"DC",NA,NA,"20003"
"85","2015","20004",48,210.6,68.5,203,69,"DC",NA,NA,"20004"
"86","2015","20005",145,182.7,NA,181.5,64.35,"DC",NA,NA,"20005"
"87","2015","20006",87,183.85,NA,186.35,64.5,"DC",NA,NA,"20006"
"88","2015","20007",56,166.7,75.1,169,75.65,"DC",NA,NA,"20007"
"89","2015","20008",68,120.6,63.85,121.3,64.95,"DC",NA,NA,"20008"
"90","2015","20009",94,122.75,NA,123.8,64.95,"DC",NA,NA,"20009"
"91","2015","20010",36,131.4,74.85,133.4,75.2,"DC",NA,NA,"20010"
"92","2015","20011",46,130.3,66.65,130.85,67.9,"DC",NA,NA,"20011"
"93","2015","20012",17,122.8,NA,122.7,60.2,"DC",NA,NA,"20012"
"94","2015","20015",19,146.8,69.2,148,70,"DC",NA,NA,"20015"
"95","2015","20016",51,161.75,80.2,158.2,84.25,"DC",NA,NA,"20016"
"96","2015","20017",28,133.6,71.95,137.1,71.5,"DC",NA,NA,"20017"
"97","2015","20018",26,213.75,106.1,210.6,106.8,"DC",NA,NA,"20018"
"98","2015","20019",47,157.4,NA,157.35,81.8,"DC",NA,NA,"20019"
"99","2015","20020",37,160.2,79.4,159.2,80.4,"DC",NA,NA,"20020"
"100","2015","20024",64,171.9,NA,173,75.3,"DC",NA,NA,"20024"
"101","2015","20032",24,166.9,78.6,165.6,79.7,"DC",NA,NA,"20032"
"102","2015","20036",128,185.2,70.05,186.65,69.95,"DC",NA,NA,"20036"
"103","2015","20037",70,179.5,NA,180.6,75,"DC",NA,NA,"20037"
"104","2015","20052",34,193.9,NA,193.9,88.2,"DC",NA,NA,"20052"
"105","2015","20057",2,273.05,122,274.35,122.75,"DC",NA,NA,"20057"
"106","2015","20059",13,123.3,63,120.7,61.7,"DC",NA,NA,"20059"
"107","2015","20064",3,48.2,39.3,46.3,41.1,"DC",NA,NA,"20064"
"108","2011","10451",NA,136.95,67.5,NA,136.95,"NYC","BRONX",16,"10451"
"109","2011","10452",NA,132,96.35,NA,132,"NYC","BRONX",4,"10452"
"110","2011","10453",NA,179.3,110.15,NA,179.3,"NYC","BRONX",2,"10453"
"111","2011","10454",NA,69.5,29.6,NA,69.5,"NYC","BRONX",17,"10454"
"112","2011","10455",NA,106.6,64.5,NA,106.6,"NYC","BRONX",8,"10455"
"113","2011","10456",NA,187.6,117.35,NA,187.6,"NYC","BRONX",6,"10456"
"114","2011","10457",NA,337.6,134.3,NA,337.6,"NYC","BRONX",9,"10457"
"115","2011","10458",NA,194.4,82.5,NA,194.4,"NYC","BRONX",19,"10458"
"116","2011","10459",NA,133.55,58.15,NA,133.55,"NYC","BRONX",2,"10459"
"117","2011","10460",NA,124,70.7,NA,124,"NYC","BRONX",7,"10460"
"118","2011","10461",NA,320.5,98.7,NA,320.5,"NYC","BRONX",13,"10461"
"119","2011","10462",NA,149.1,58.45,NA,149.1,"NYC","BRONX",6,"10462"
"120","2011","10463",NA,288,126.6,NA,288,"NYC","BRONX",3,"10463"
"121","2011","10465",NA,275.7,109.7,NA,275.7,"NYC","BRONX",3,"10465"
"122","2011","10466",NA,236.8,139.85,NA,236.8,"NYC","BRONX",4,"10466"
"123","2011","10467",NA,693.6,645,NA,693.6,"NYC","BRONX",13,"10467"
"124","2011","10468",NA,123.4,68.7,NA,123.4,"NYC","BRONX",7,"10468"
"125","2011","10469",NA,177,117.2,NA,177,"NYC","BRONX",7,"10469"
"126","2011","10471",NA,305.6,177.4,NA,305.6,"NYC","BRONX",10,"10471"
"127","2011","10473",NA,274.2,95.2,NA,274.2,"NYC","BRONX",9,"10473"
"128","2011","10474",NA,31.6,20.1,NA,31.6,"NYC","BRONX",6,"10474"
"129","2011","10475",NA,172.7,79.5,NA,172.7,"NYC","BRONX",6,"10475"
"130","2011","11201",NA,170.2,81.9,NA,170.2,"NYC","BROOKLYN",47,"11201"
"131","2011","11203",NA,610.2,358.2,NA,610.2,"NYC","BROOKLYN",3,"11203"
"132","2011","11204",NA,124.1,70.7,NA,124.1,"NYC","BROOKLYN",3,"11204"
"133","2011","11205",NA,181.2,108.8,NA,181.2,"NYC","BROOKLYN",33,"11205"
"134","2011","11206",NA,199.5,75,NA,199.5,"NYC","BROOKLYN",15,"11206"
"135","2011","11207",NA,197.8,73.65,NA,197.8,"NYC","BROOKLYN",14,"11207"
"136","2011","11208",NA,56.2,21.4,NA,56.2,"NYC","BROOKLYN",5,"11208"
"137","2011","11209",NA,90.1,45.9,NA,90.1,"NYC","BROOKLYN",2,"11209"
"138","2011","11211",NA,93.9,43.4,NA,93.9,"NYC","BROOKLYN",7,"11211"
"139","2011","11212",NA,216.9,108.7,NA,216.9,"NYC","BROOKLYN",7,"11212"
"140","2011","11213",NA,122.25,40.6,NA,122.25,"NYC","BROOKLYN",2,"11213"
"141","2011","11214",NA,323.55,153.4,NA,323.55,"NYC","BROOKLYN",4,"11214"
"142","2011","11215",NA,149.4,52.4,NA,149.4,"NYC","BROOKLYN",8,"11215"
"143","2011","11217",NA,318.9,115.2,NA,318.9,"NYC","BROOKLYN",7,"11217"
"144","2011","11218",NA,167,79.15,NA,167,"NYC","BROOKLYN",6,"11218"
"145","2011","11219",NA,452.5,299.3,NA,452.5,"NYC","BROOKLYN",11,"11219"
"146","2011","11220",NA,84.8,31.6,NA,84.8,"NYC","BROOKLYN",8,"11220"
"147","2011","11221",NA,231.3,120.4,NA,231.3,"NYC","BROOKLYN",3,"11221"
"148","2011","11222",NA,97.3,65.6,NA,97.3,"NYC","BROOKLYN",11,"11222"
"149","2011","11224",NA,225.3,107.35,NA,225.3,"NYC","BROOKLYN",4,"11224"
"150","2011","11225",NA,113.5,36.3,NA,113.5,"NYC","BROOKLYN",2,"11225"
"151","2011","11226",NA,202.55,92.7,NA,202.55,"NYC","BROOKLYN",6,"11226"
"152","2011","11228",NA,565.1,439.9,NA,565.1,"NYC","BROOKLYN",2,"11228"
"153","2011","11229",NA,389.3,132.6,NA,389.3,"NYC","BROOKLYN",3,"11229"
"154","2011","11230",NA,155.65,73.1,NA,155.65,"NYC","BROOKLYN",6,"11230"
"155","2011","11231",NA,71.1,26,NA,71.1,"NYC","BROOKLYN",7,"11231"
"156","2011","11232",NA,64.8,27,NA,64.8,"NYC","BROOKLYN",21,"11232"
"157","2011","11233",NA,74.8,45,NA,74.8,"NYC","BROOKLYN",5,"11233"
"158","2011","11234",NA,106.4,95.6,NA,106.4,"NYC","BROOKLYN",8,"11234"
"159","2011","11235",NA,247.6,106.45,NA,247.6,"NYC","BROOKLYN",8,"11235"
"160","2011","11236",NA,98.95,43.25,NA,98.95,"NYC","BROOKLYN",10,"11236"
"161","2011","11237",NA,85.95,34.9,NA,85.95,"NYC","BROOKLYN",14,"11237"
"162","2011","11238",NA,123.1,76.1,NA,123.1,"NYC","BROOKLYN",7,"11238"
"163","2011","11239",NA,239.4,206.6,NA,239.4,"NYC","BROOKLYN",9,"11239"
"164","2011","11249",NA,79.4,32.3,NA,79.4,"NYC","BROOKLYN",10,"11249"
"165","2011","10001",NA,161.8,70.35,NA,161.8,"NYC","MANHATTAN",152,"10001"
"166","2011","10002",NA,160.4,80.35,NA,160.4,"NYC","MANHATTAN",6,"10002"
"167","2011","10003",NA,182.1,81.85,NA,182.1,"NYC","MANHATTAN",94,"10003"
"168","2011","10004",NA,244.65,94.55,NA,244.65,"NYC","MANHATTAN",24,"10004"
"169","2011","10005",NA,232.4,88.9,NA,232.4,"NYC","MANHATTAN",19,"10005"
"170","2011","10006",NA,248.7,89,NA,248.7,"NYC","MANHATTAN",9,"10006"
"171","2011","10007",NA,187.2,81.1,NA,187.2,"NYC","MANHATTAN",13,"10007"
"172","2011","10009",NA,144.9,81.6,NA,144.9,"NYC","MANHATTAN",2,"10009"
"173","2011","10010",NA,197.9,81.1,NA,197.9,"NYC","MANHATTAN",55,"10010"
"174","2011","10011",NA,179.45,69.65,NA,179.45,"NYC","MANHATTAN",58,"10011"
"175","2011","10012",NA,164.5,72.1,NA,164.5,"NYC","MANHATTAN",49,"10012"
"176","2011","10013",NA,192.5,75.2,NA,192.5,"NYC","MANHATTAN",43,"10013"
"177","2011","10014",NA,176.05,76.65,NA,176.05,"NYC","MANHATTAN",18,"10014"
"178","2011","10016",NA,215.25,83.45,NA,215.25,"NYC","MANHATTAN",92,"10016"
"179","2011","10017",NA,236.1,92.15,NA,236.1,"NYC","MANHATTAN",96,"10017"
"180","2011","10018",NA,175.5,71.35,NA,175.5,"NYC","MANHATTAN",140,"10018"
"181","2011","10019",NA,246.05,95.2,NA,246.05,"NYC","MANHATTAN",84,"10019"
"182","2011","10020",NA,266.5,119.45,NA,266.5,"NYC","MANHATTAN",14,"10020"
"183","2011","10021",NA,239.3,129.9,NA,239.3,"NYC","MANHATTAN",17,"10021"
"184","2011","10022",NA,256.8,103.3,NA,256.8,"NYC","MANHATTAN",92,"10022"
"185","2011","10023",NA,282.3,136.5,NA,282.3,"NYC","MANHATTAN",15,"10023"
"186","2011","10024",NA,220.1,113.8,NA,220.1,"NYC","MANHATTAN",9,"10024"
"187","2011","10025",NA,206.2,113.3,NA,206.2,"NYC","MANHATTAN",19,"10025"
"188","2011","10027",NA,177.1,86.6,NA,177.1,"NYC","MANHATTAN",29,"10027"
"189","2011","10028",NA,132.5,59.9,NA,132.5,"NYC","MANHATTAN",4,"10028"
"190","2011","10029",NA,242.3,91.5,NA,242.3,"NYC","MANHATTAN",13,"10029"
"191","2011","10031",NA,78.6,41.8,NA,78.6,"NYC","MANHATTAN",3,"10031"
"192","2011","10032",NA,477.7,237.6,NA,477.7,"NYC","MANHATTAN",24,"10032"
"193","2011","10033",NA,170.7,97.2,NA,170.7,"NYC","MANHATTAN",7,"10033"
"194","2011","10034",NA,314.6,120,NA,314.6,"NYC","MANHATTAN",3,"10034"
"195","2011","10035",NA,147.3,57.2,NA,147.3,"NYC","MANHATTAN",4,"10035"
"196","2011","10036",NA,235.7,96.7,NA,235.7,"NYC","MANHATTAN",87,"10036"
"197","2011","10037",NA,90.1,61.1,NA,90.1,"NYC","MANHATTAN",3,"10037"
"198","2011","10038",NA,185.1,71.7,NA,185.1,"NYC","MANHATTAN",21,"10038"
"199","2011","10065",NA,407.5,271.45,NA,407.5,"NYC","MANHATTAN",38,"10065"
"200","2011","10075",NA,415,212.4,NA,415,"NYC","MANHATTAN",3,"10075"
"201","2011","10128",NA,268,139.05,NA,268,"NYC","MANHATTAN",8,"10128"
"202","2011","10281",NA,307.25,130.95,NA,307.25,"NYC","MANHATTAN",2,"10281"
"203","2011","10282",NA,251.4,103.55,NA,251.4,"NYC","MANHATTAN",2,"10282"
"204","2011","11004",NA,332.9,139.55,NA,332.9,"NYC","QUEENS",4,"11004"
"205","2011","11101",NA,113.9,53.2,NA,113.9,"NYC","QUEENS",85,"11101"
"206","2011","11102",NA,80,35,NA,80,"NYC","QUEENS",3,"11102"
"207","2011","11103",NA,196.65,92.55,NA,196.65,"NYC","QUEENS",2,"11103"
"208","2011","11104",NA,76.15,40.55,NA,76.15,"NYC","QUEENS",4,"11104"
"209","2011","11105",NA,158.85,97.3,NA,158.85,"NYC","QUEENS",4,"11105"
"210","2011","11106",NA,62.6,31.45,NA,62.6,"NYC","QUEENS",4,"11106"
"211","2011","11354",NA,211.95,96.95,NA,211.95,"NYC","QUEENS",8,"11354"
"212","2011","11355",NA,646.9,341.3,NA,646.9,"NYC","QUEENS",3,"11355"
"213","2011","11356",NA,290.4,112.45,NA,290.4,"NYC","QUEENS",8,"11356"
"214","2011","11357",NA,275.65,102.65,NA,275.65,"NYC","QUEENS",8,"11357"
"215","2011","11360",NA,381.4,121.9,NA,381.4,"NYC","QUEENS",13,"11360"
"216","2011","11362",NA,173.8,59.6,NA,173.8,"NYC","QUEENS",3,"11362"
"217","2011","11365",NA,421.7,239.7,NA,421.7,"NYC","QUEENS",4,"11365"
"218","2011","11367",NA,172.6,76.5,NA,172.6,"NYC","QUEENS",3,"11367"
"219","2011","11368",NA,262.6,150.4,NA,262.6,"NYC","QUEENS",3,"11368"
"220","2011","11369",NA,217.15,98.75,NA,217.15,"NYC","QUEENS",2,"11369"
"221","2011","11370",NA,89.1,60.1,NA,89.1,"NYC","QUEENS",3,"11370"
"222","2011","11372",NA,127.6,38.4,NA,127.6,"NYC","QUEENS",4,"11372"
"223","2011","11373",NA,171.8,62.3,NA,171.8,"NYC","QUEENS",9,"11373"
"224","2011","11374",NA,242.8,74.1,NA,242.8,"NYC","QUEENS",6,"11374"
"225","2011","11375",NA,436.8,199.2,NA,436.8,"NYC","QUEENS",4,"11375"
"226","2011","11377",NA,97.8,52,NA,97.8,"NYC","QUEENS",9,"11377"
"227","2011","11378",NA,84.8,35.5,NA,84.8,"NYC","QUEENS",25,"11378"
"228","2011","11379",NA,195.8,68.85,NA,195.8,"NYC","QUEENS",4,"11379"
"229","2011","11385",NA,100.3,66.2,NA,100.3,"NYC","QUEENS",7,"11385"
"230","2011","11413",NA,115.05,45.85,NA,115.05,"NYC","QUEENS",2,"11413"
"231","2011","11417",NA,40.3,14.3,NA,40.3,"NYC","QUEENS",3,"11417"
"232","2011","11418",NA,89.7,53,NA,89.7,"NYC","QUEENS",3,"11418"
"233","2011","11423",NA,146.95,108.45,NA,146.95,"NYC","QUEENS",2,"11423"
"234","2011","11430",NA,227.3,94.4,NA,227.3,"NYC","QUEENS",3,"11430"
"235","2011","11432",NA,300.5,149.7,NA,300.5,"NYC","QUEENS",47,"11432"
"236","2011","11433",NA,127.75,80.7,NA,127.75,"NYC","QUEENS",6,"11433"
"237","2011","11434",NA,220.55,101.4,NA,220.55,"NYC","QUEENS",4,"11434"
"238","2011","11435",NA,83.4,35.25,NA,83.4,"NYC","QUEENS",4,"11435"
"239","2011","11436",NA,203.5,83.4,NA,203.5,"NYC","QUEENS",3,"11436"
"240","2011","11691",NA,222.5,156.6,NA,222.5,"NYC","QUEENS",5,"11691"
"241","2011","11692",NA,266.45,165.45,NA,266.45,"NYC","QUEENS",2,"11692"
"242","2011","10301",NA,180.65,97.9,NA,180.65,"NYC","STATENISLAND",16,"10301"
"243","2011","10303",NA,69,24.85,NA,69,"NYC","STATENISLAND",6,"10303"
"244","2011","10304",NA,259.7,114.7,NA,259.7,"NYC","STATENISLAND",5,"10304"
"245","2011","10305",NA,104.3,64.4,NA,104.3,"NYC","STATENISLAND",2,"10305"
"246","2011","10306",NA,168.3,68.8,NA,168.3,"NYC","STATENISLAND",3,"10306"
"247","2011","10309",NA,94,37.25,NA,94,"NYC","STATENISLAND",2,"10309"
"248","2011","10312",NA,217.5,90.75,NA,217.5,"NYC","STATENISLAND",4,"10312"
"249","2011","10314",NA,176.9,75.5,NA,176.9,"NYC","STATENISLAND",23,"10314"
"250","2012","10451",NA,126.35,79,NA,126.35,"NYC","BRONX",85,"10451"
"251","2012","10452",NA,125.6,86.7,NA,125.6,"NYC","BRONX",170,"10452"
"252","2012","10453",NA,132.9,88.1,NA,132.9,"NYC","BRONX",139,"10453"
"253","2012","10454",NA,108.1,54.8,NA,108.1,"NYC","BRONX",41,"10454"
"254","2012","10455",NA,125.6,74.65,NA,125.6,"NYC","BRONX",48,"10455"
"255","2012","10456",NA,135.2,87.5,NA,135.2,"NYC","BRONX",89,"10456"
"256","2012","10457",NA,138.8,81.5,NA,138.8,"NYC","BRONX",103,"10457"
"257","2012","10458",NA,118.9,84.25,NA,118.9,"NYC","BRONX",106,"10458"
"258","2012","10459",NA,127.6,75.8,NA,127.6,"NYC","BRONX",53,"10459"
"259","2012","10460",NA,142.3,87.4,NA,142.3,"NYC","BRONX",60,"10460"
"260","2012","10461",NA,117.4,79.2,NA,117.4,"NYC","BRONX",53,"10461"
"261","2012","10462",NA,119.65,84.4,NA,119.65,"NYC","BRONX",86,"10462"
"262","2012","10463",NA,118.05,79.05,NA,118.05,"NYC","BRONX",176,"10463"
"263","2012","10464",NA,80.5,42.45,NA,80.5,"NYC","BRONX",2,"10464"
"264","2012","10465",NA,169.25,82.7,NA,169.25,"NYC","BRONX",12,"10465"
"265","2012","10466",NA,124.7,80.1,NA,124.7,"NYC","BRONX",25,"10466"
"266","2012","10467",NA,119.2,86.3,NA,119.2,"NYC","BRONX",171,"10467"
"267","2012","10468",NA,118.3,79.6,NA,118.3,"NYC","BRONX",116,"10468"
"268","2012","10469",NA,160.6,108,NA,160.6,"NYC","BRONX",123,"10469"
"269","2012","10470",NA,119.2,72.6,NA,119.2,"NYC","BRONX",16,"10470"
"270","2012","10471",NA,128,88.7,NA,128,"NYC","BRONX",55,"10471"
"271","2012","10472",NA,120.1,84.4,NA,120.1,"NYC","BRONX",57,"10472"
"272","2012","10473",NA,141.9,81.9,NA,141.9,"NYC","BRONX",44,"10473"
"273","2012","10474",NA,99.3,74.9,NA,99.3,"NYC","BRONX",15,"10474"
"274","2012","10475",NA,188.1,127.1,NA,188.1,"NYC","BRONX",17,"10475"
"275","2012","11201",NA,145.8,74.8,NA,145.8,"NYC","BROOKLYN",149,"11201"
"276","2012","11203",NA,131,84.35,NA,131,"NYC","BROOKLYN",36,"11203"
"277","2012","11204",NA,104.6,68.8,NA,104.6,"NYC","BROOKLYN",35,"11204"
"278","2012","11205",NA,114.7,81.7,NA,114.7,"NYC","BROOKLYN",63,"11205"
"279","2012","11206",NA,117.4,55.9,NA,117.4,"NYC","BROOKLYN",47,"11206"
"280","2012","11207",NA,114.1,67,NA,114.1,"NYC","BROOKLYN",49,"11207"
"281","2012","11208",NA,106.4,74.7,NA,106.4,"NYC","BROOKLYN",11,"11208"
"282","2012","11209",NA,114.85,71.6,NA,114.85,"NYC","BROOKLYN",96,"11209"
"283","2012","11210",NA,112.55,71.2,NA,112.55,"NYC","BROOKLYN",44,"11210"
"284","2012","11211",NA,130.3,60.4,NA,130.3,"NYC","BROOKLYN",21,"11211"
"285","2012","11212",NA,145.8,71.4,NA,145.8,"NYC","BROOKLYN",47,"11212"
"286","2012","11213",NA,108.1,65.6,NA,108.1,"NYC","BROOKLYN",49,"11213"
"287","2012","11214",NA,114.4,78.4,NA,114.4,"NYC","BROOKLYN",58,"11214"
"288","2012","11215",NA,125.5,60.8,NA,125.5,"NYC","BROOKLYN",33,"11215"
"289","2012","11216",NA,139.9,83.1,NA,139.9,"NYC","BROOKLYN",14,"11216"
"290","2012","11217",NA,124.3,65.75,NA,124.3,"NYC","BROOKLYN",30,"11217"
"291","2012","11218",NA,109.85,68.35,NA,109.85,"NYC","BROOKLYN",92,"11218"
"292","2012","11219",NA,113.5,69.85,NA,113.5,"NYC","BROOKLYN",52,"11219"
"293","2012","11220",NA,115.25,69.25,NA,115.25,"NYC","BROOKLYN",24,"11220"
"294","2012","11221",NA,137.4,87.1,NA,137.4,"NYC","BROOKLYN",17,"11221"
"295","2012","11222",NA,89.2,47.3,NA,89.2,"NYC","BROOKLYN",18,"11222"
"296","2012","11223",NA,104.95,72.05,NA,104.95,"NYC","BROOKLYN",52,"11223"
"297","2012","11224",NA,163,89.55,NA,163,"NYC","BROOKLYN",22,"11224"
"298","2012","11225",NA,119.4,73.8,NA,119.4,"NYC","BROOKLYN",89,"11225"
"299","2012","11226",NA,116.95,75.55,NA,116.95,"NYC","BROOKLYN",184,"11226"
"300","2012","11228",NA,158.2,87.15,NA,158.2,"NYC","BROOKLYN",6,"11228"
"301","2012","11229",NA,114,76.6,NA,114,"NYC","BROOKLYN",111,"11229"
"302","2012","11230",NA,112.8,75.6,NA,112.8,"NYC","BROOKLYN",163,"11230"
"303","2012","11231",NA,129.25,60.8,NA,129.25,"NYC","BROOKLYN",16,"11231"
"304","2012","11232",NA,123.5,52.6,NA,123.5,"NYC","BROOKLYN",23,"11232"
"305","2012","11233",NA,94.15,45,NA,94.15,"NYC","BROOKLYN",22,"11233"
"306","2012","11234",NA,108.4,64.8,NA,108.4,"NYC","BROOKLYN",19,"11234"
"307","2012","11235",NA,117.6,72.8,NA,117.6,"NYC","BROOKLYN",145,"11235"
"308","2012","11236",NA,185.05,101.25,NA,185.05,"NYC","BROOKLYN",12,"11236"
"309","2012","11237",NA,72.9,31,NA,72.9,"NYC","BROOKLYN",25,"11237"
"310","2012","11238",NA,129.75,80.8,NA,129.75,"NYC","BROOKLYN",58,"11238"
"311","2012","11239",NA,210.8,200.9,NA,210.8,"NYC","BROOKLYN",21,"11239"
"312","2012","11249",NA,91,36.45,NA,91,"NYC","BROOKLYN",38,"11249"
"313","2012","0",NA,229.25,90.4,NA,229.25,"NYC","MANHATTAN",2,"0"
"314","2012","10001",NA,147.45,68.85,NA,147.45,"NYC","MANHATTAN",222,"10001"
"315","2012","10002",NA,126.8,73.45,NA,126.8,"NYC","MANHATTAN",56,"10002"
"316","2012","10003",NA,150.45,75.75,NA,150.45,"NYC","MANHATTAN",188,"10003"
"317","2012","10004",NA,205.25,81.45,NA,205.25,"NYC","MANHATTAN",40,"10004"
"318","2012","10005",NA,184.9,74.1,NA,184.9,"NYC","MANHATTAN",35,"10005"
"319","2012","10006",NA,169.8,68,NA,169.8,"NYC","MANHATTAN",23,"10006"
"320","2012","10007",NA,165.1,72.9,NA,165.1,"NYC","MANHATTAN",35,"10007"
"321","2012","10009",NA,93.8,51,NA,93.8,"NYC","MANHATTAN",29,"10009"
"322","2012","10010",NA,154.95,74,NA,154.95,"NYC","MANHATTAN",130,"10010"
"323","2012","10011",NA,146.25,73.3,NA,146.25,"NYC","MANHATTAN",206,"10011"
"324","2012","10012",NA,153.4,60.6,NA,153.4,"NYC","MANHATTAN",89,"10012"
"325","2012","10013",NA,157.2,73.1,NA,157.2,"NYC","MANHATTAN",117,"10013"
"326","2012","10014",NA,146.95,74.2,NA,146.95,"NYC","MANHATTAN",82,"10014"
"327","2012","10016",NA,158.7,74.8,NA,158.7,"NYC","MANHATTAN",247,"10016"
"328","2012","10017",NA,199.3,85.7,NA,199.3,"NYC","MANHATTAN",157,"10017"
"329","2012","10018",NA,156.15,65.7,NA,156.15,"NYC","MANHATTAN",162,"10018"
"330","2012","10019",NA,186,85.6,NA,186,"NYC","MANHATTAN",219,"10019"
"331","2012","10020",NA,280.7,117.5,NA,280.7,"NYC","MANHATTAN",12,"10020"
"332","2012","10021",NA,128,73.4,NA,128,"NYC","MANHATTAN",195,"10021"
"333","2012","10022",NA,176.1,79.15,NA,176.1,"NYC","MANHATTAN",256,"10022"
"334","2012","10023",NA,126.8,73.7,NA,126.8,"NYC","MANHATTAN",187,"10023"
"335","2012","10024",NA,104.3,66.5,NA,104.3,"NYC","MANHATTAN",217,"10024"
"336","2012","10025",NA,108.4,69.75,NA,108.4,"NYC","MANHATTAN",268,"10025"
"337","2012","10026",NA,129.8,74.8,NA,129.8,"NYC","MANHATTAN",57,"10026"
"338","2012","10027",NA,122.65,76.95,NA,122.65,"NYC","MANHATTAN",112,"10027"
"339","2012","10028",NA,124.45,74.2,NA,124.45,"NYC","MANHATTAN",174,"10028"
"340","2012","10029",NA,131,75.15,NA,131,"NYC","MANHATTAN",78,"10029"
"341","2012","10030",NA,129.8,93,NA,129.8,"NYC","MANHATTAN",27,"10030"
"342","2012","10031",NA,130.3,89,NA,130.3,"NYC","MANHATTAN",71,"10031"
"343","2012","10032",NA,128.5,94.4,NA,128.5,"NYC","MANHATTAN",115,"10032"
"344","2012","10033",NA,119.6,84.5,NA,119.6,"NYC","MANHATTAN",104,"10033"
"345","2012","10034",NA,123.7,83.7,NA,123.7,"NYC","MANHATTAN",73,"10034"
"346","2012","10035",NA,152.25,79.85,NA,152.25,"NYC","MANHATTAN",40,"10035"
"347","2012","10036",NA,223.35,90.85,NA,223.35,"NYC","MANHATTAN",132,"10036"
"348","2012","10037",NA,141,81.8,NA,141,"NYC","MANHATTAN",29,"10037"
"349","2012","10038",NA,153.8,66.2,NA,153.8,"NYC","MANHATTAN",49,"10038"
"350","2012","10039",NA,129.45,79.15,NA,129.45,"NYC","MANHATTAN",26,"10039"
"351","2012","10040",NA,128.25,91.4,NA,128.25,"NYC","MANHATTAN",88,"10040"
"352","2012","10044",NA,153.9,80.7,NA,153.9,"NYC","MANHATTAN",7,"10044"
"353","2012","10065",NA,147,82.8,NA,147,"NYC","MANHATTAN",175,"10065"
"354","2012","10069",NA,157.45,79.55,NA,157.45,"NYC","MANHATTAN",14,"10069"
"355","2012","10075",NA,119.8,73.3,NA,119.8,"NYC","MANHATTAN",103,"10075"
"356","2012","10128",NA,120.1,72.4,NA,120.1,"NYC","MANHATTAN",155,"10128"
"357","2012","10280",NA,144.6,71.5,NA,144.6,"NYC","MANHATTAN",19,"10280"
"358","2012","10281",NA,308.2,129.75,NA,308.2,"NYC","MANHATTAN",2,"10281"
"359","2012","10282",NA,155.1,76.55,NA,155.1,"NYC","MANHATTAN",10,"10282"
"360","2012","10463",NA,160.2,104,NA,160.2,"NYC","MANHATTAN",9,"10463"
"361","2012","11004",NA,249,155.2,NA,249,"NYC","QUEENS",11,"11004"
"362","2012","11101",NA,106.1,46.7,NA,106.1,"NYC","QUEENS",119,"11101"
"363","2012","11102",NA,123.2,79.5,NA,123.2,"NYC","QUEENS",25,"11102"
"364","2012","11103",NA,107.5,77.7,NA,107.5,"NYC","QUEENS",9,"11103"
"365","2012","11104",NA,115.4,80.4,NA,115.4,"NYC","QUEENS",67,"11104"
"366","2012","11105",NA,117.45,84.55,NA,117.45,"NYC","QUEENS",14,"11105"
"367","2012","11106",NA,103.8,69.4,NA,103.8,"NYC","QUEENS",39,"11106"
"368","2012","11109",NA,135.4,60.6,NA,135.4,"NYC","QUEENS",5,"11109"
"369","2012","11354",NA,128.8,84.3,NA,128.8,"NYC","QUEENS",101,"11354"
"370","2012","11355",NA,118.95,81.1,NA,118.95,"NYC","QUEENS",110,"11355"
"371","2012","11356",NA,256.8,98.3,NA,256.8,"NYC","QUEENS",15,"11356"
"372","2012","11357",NA,134.6,72.7,NA,134.6,"NYC","QUEENS",27,"11357"
"373","2012","11358",NA,89,56.2,NA,89,"NYC","QUEENS",7,"11358"
"374","2012","11360",NA,170.8,81.7,NA,170.8,"NYC","QUEENS",31,"11360"
"375","2012","11361",NA,170.65,96.3,NA,170.65,"NYC","QUEENS",8,"11361"
"376","2012","11362",NA,161.65,103.15,NA,161.65,"NYC","QUEENS",34,"11362"
"377","2012","11363",NA,136.6,36.9,NA,136.6,"NYC","QUEENS",3,"11363"
"378","2012","11364",NA,187.5,150.6,NA,187.5,"NYC","QUEENS",55,"11364"
"379","2012","11365",NA,136.2,54.7,NA,136.2,"NYC","QUEENS",59,"11365"
"380","2012","11366",NA,192.2,65.4,NA,192.2,"NYC","QUEENS",11,"11366"
"381","2012","11367",NA,140.95,94.65,NA,140.95,"NYC","QUEENS",62,"11367"
"382","2012","11368",NA,138.7,82.85,NA,138.7,"NYC","QUEENS",48,"11368"
"383","2012","11369",NA,160.15,87.8,NA,160.15,"NYC","QUEENS",12,"11369"
"384","2012","11370",NA,116.7,71.6,NA,116.7,"NYC","QUEENS",18,"11370"
"385","2012","11372",NA,108.7,72,NA,108.7,"NYC","QUEENS",144,"11372"
"386","2012","11373",NA,120.4,79.55,NA,120.4,"NYC","QUEENS",124,"11373"
"387","2012","11374",NA,112.6,74.05,NA,112.6,"NYC","QUEENS",112,"11374"
"388","2012","11375",NA,112.7,73,NA,112.7,"NYC","QUEENS",209,"11375"
"389","2012","11377",NA,107.65,64.1,NA,107.65,"NYC","QUEENS",60,"11377"
"390","2012","11378",NA,96.5,38.9,NA,96.5,"NYC","QUEENS",37,"11378"
"391","2012","11379",NA,171.8,72,NA,171.8,"NYC","QUEENS",5,"11379"
"392","2012","11385",NA,69.65,33.15,NA,69.65,"NYC","QUEENS",20,"11385"
"393","2012","11413",NA,172.5,75.8,NA,172.5,"NYC","QUEENS",7,"11413"
"394","2012","11414",NA,126.75,79.55,NA,126.75,"NYC","QUEENS",14,"11414"
"395","2012","11415",NA,111.75,70.55,NA,111.75,"NYC","QUEENS",50,"11415"
"396","2012","11418",NA,102.1,68.2,NA,102.1,"NYC","QUEENS",21,"11418"
"397","2012","11421",NA,130,78.2,NA,130,"NYC","QUEENS",7,"11421"
"398","2012","11422",NA,85.75,30.65,NA,85.75,"NYC","QUEENS",2,"11422"
"399","2012","11423",NA,133.4,78.9,NA,133.4,"NYC","QUEENS",15,"11423"
"400","2012","11426",NA,98.8,66.1,NA,98.8,"NYC","QUEENS",7,"11426"
"401","2012","11427",NA,124.9,82.5,NA,124.9,"NYC","QUEENS",11,"11427"
"402","2012","11429",NA,153.65,85.85,NA,153.65,"NYC","QUEENS",4,"11429"
"403","2012","11430",NA,220.95,94.7,NA,220.95,"NYC","QUEENS",2,"11430"
"404","2012","11432",NA,146.2,83.6,NA,146.2,"NYC","QUEENS",117,"11432"
"405","2012","11433",NA,116.2,68,NA,116.2,"NYC","QUEENS",14,"11433"
"406","2012","11434",NA,141.35,72.75,NA,141.35,"NYC","QUEENS",14,"11434"
"407","2012","11435",NA,122,75.85,NA,122,"NYC","QUEENS",72,"11435"
"408","2012","11691",NA,110.2,66.6,NA,110.2,"NYC","QUEENS",54,"11691"
"409","2012","11692",NA,204,136.5,NA,204,"NYC","QUEENS",5,"11692"
"410","2012","11693",NA,135.1,87.2,NA,135.1,"NYC","QUEENS",9,"11693"
"411","2012","11694",NA,137.8,79.4,NA,137.8,"NYC","QUEENS",13,"11694"
"412","2012","10301",NA,132.95,90.55,NA,132.95,"NYC","STATENISLAND",64,"10301"
"413","2012","10303",NA,201.4,86.2,NA,201.4,"NYC","STATENISLAND",6,"10303"
"414","2012","10304",NA,117.5,74.2,NA,117.5,"NYC","STATENISLAND",27,"10304"
"415","2012","10305",NA,108.95,65.35,NA,108.95,"NYC","STATENISLAND",10,"10305"
"416","2012","10306",NA,132.85,80.25,NA,132.85,"NYC","STATENISLAND",18,"10306"
"417","2012","10309",NA,226.7,80.8,NA,226.7,"NYC","STATENISLAND",7,"10309"
"418","2012","10312",NA,150.2,72.9,NA,150.2,"NYC","STATENISLAND",5,"10312"
"419","2012","10314",NA,160.6,64.4,NA,160.6,"NYC","STATENISLAND",35,"10314"
"420","2013","10451",NA,124,83.75,127.1,124,"NYC","BRONX",82,"10451"
"421","2013","10452",NA,127,94.4,130.85,127,"NYC","BRONX",156,"10452"
"422","2013","10453",NA,127.75,95.5,131.95,127.75,"NYC","BRONX",132,"10453"
"423","2013","10454",NA,81.15,67.8,82.3,81.15,"NYC","BRONX",41,"10454"
"424","2013","10455",NA,118.6,79.3,118.5,118.6,"NYC","BRONX",43,"10455"
"425","2013","10456",NA,130.8,93.4,132.3,130.8,"NYC","BRONX",83,"10456"
"426","2013","10457",NA,126.8,88.8,131.85,126.8,"NYC","BRONX",100,"10457"
"427","2013","10458",NA,120.05,90.1,121.7,120.05,"NYC","BRONX",108,"10458"
"428","2013","10459",NA,126.95,88.05,131.3,126.95,"NYC","BRONX",50,"10459"
"429","2013","10460",NA,146.9,96.5,147.75,146.9,"NYC","BRONX",68,"10460"
"430","2013","10461",NA,124.1,86.6,125.3,124.1,"NYC","BRONX",45,"10461"
"431","2013","10462",NA,111.85,74.3,114,111.85,"NYC","BRONX",93,"10462"
"432","2013","10463",NA,117.55,87.4,118,117.55,"NYC","BRONX",171,"10463"
"433","2013","10464",NA,74.75,45,75.05,74.75,"NYC","BRONX",2,"10464"
"434","2013","10465",NA,176.2,101.45,177.4,176.2,"NYC","BRONX",12,"10465"
"435","2013","10466",NA,131.6,97.4,136.2,131.6,"NYC","BRONX",23,"10466"
"436","2013","10467",NA,121.1,91.4,121.4,121.1,"NYC","BRONX",171,"10467"
"437","2013","10468",NA,115.3,87.1,118.75,115.3,"NYC","BRONX",122,"10468"
"438","2013","10469",NA,134.05,105.25,134.2,134.05,"NYC","BRONX",10,"10469"
"439","2013","10470",NA,133.8,93.1,134.2,133.8,"NYC","BRONX",13,"10470"
"440","2013","10471",NA,130.35,94.3,129.7,130.35,"NYC","BRONX",59,"10471"
"441","2013","10472",NA,111.8,87.7,130.9,111.8,"NYC","BRONX",52,"10472"
"442","2013","10473",NA,135.2,88.3,135.5,135.2,"NYC","BRONX",39,"10473"
"443","2013","10474",NA,121,80,113.2,121,"NYC","BRONX",19,"10474"
"444","2013","10475",NA,187,122.5,187.45,187,"NYC","BRONX",16,"10475"
"445","2013","11201",NA,125.5,78,126,125.5,"NYC","BROOKLYN",142,"11201"
"446","2013","11203",NA,131.7,93.7,126.1,131.7,"NYC","BROOKLYN",33,"11203"
"447","2013","11204",NA,108.75,78.3,106.45,108.75,"NYC","BROOKLYN",32,"11204"
"448","2013","11205",NA,114.7,95.2,127.6,114.7,"NYC","BROOKLYN",57,"11205"
"449","2013","11206",NA,123.4,59.5,121.9,123.4,"NYC","BROOKLYN",45,"11206"
"450","2013","11207",NA,105.8,55.65,109,105.8,"NYC","BROOKLYN",32,"11207"
"451","2013","11208",NA,126.45,91.05,144.75,126.45,"NYC","BROOKLYN",16,"11208"
"452","2013","11209",NA,109.9,80.9,111.6,109.9,"NYC","BROOKLYN",98,"11209"
"453","2013","11210",NA,135.7,90.95,129.15,135.7,"NYC","BROOKLYN",42,"11210"
"454","2013","11211",NA,102.4,63,111.5,102.4,"NYC","BROOKLYN",31,"11211"
"455","2013","11212",NA,137.6,73.95,138.25,137.6,"NYC","BROOKLYN",46,"11212"
"456","2013","11213",NA,110.7,75.05,110.7,110.7,"NYC","BROOKLYN",48,"11213"
"457","2013","11214",NA,112.8,84.8,115.4,112.8,"NYC","BROOKLYN",63,"11214"
"458","2013","11215",NA,127.6,71,119.7,127.6,"NYC","BROOKLYN",37,"11215"
"459","2013","11216",NA,127.25,81.1,130.4,127.25,"NYC","BROOKLYN",19,"11216"
"460","2013","11217",NA,118.65,78.8,118.75,118.65,"NYC","BROOKLYN",26,"11217"
"461","2013","11218",NA,109.4,76.5,108,109.4,"NYC","BROOKLYN",84,"11218"
"462","2013","11219",NA,108.5,73.1,105.65,108.5,"NYC","BROOKLYN",52,"11219"
"463","2013","11220",NA,130.5,88,129.3,130.5,"NYC","BROOKLYN",23,"11220"
"464","2013","11221",NA,130.1,85.3,134.5,130.1,"NYC","BROOKLYN",15,"11221"
"465","2013","11222",NA,82.4,45.7,82.3,82.4,"NYC","BROOKLYN",20,"11222"
"466","2013","11223",NA,94.3,77.5,95.7,94.3,"NYC","BROOKLYN",55,"11223"
"467","2013","11224",NA,135.5,92,143.1,135.5,"NYC","BROOKLYN",26,"11224"
"468","2013","11225",NA,118.4,86.1,119.65,118.4,"NYC","BROOKLYN",80,"11225"
"469","2013","11226",NA,118.55,85.4,118.9,118.55,"NYC","BROOKLYN",172,"11226"
"470","2013","11228",NA,142.8,95.45,144.25,142.8,"NYC","BROOKLYN",4,"11228"
"471","2013","11229",NA,118.9,88,120.7,118.9,"NYC","BROOKLYN",113,"11229"
"472","2013","11230",NA,107.9,82.15,109,107.9,"NYC","BROOKLYN",168,"11230"
"473","2013","11231",NA,114,51.95,110.95,114,"NYC","BROOKLYN",18,"11231"
"474","2013","11232",NA,94.2,43.25,91.05,94.2,"NYC","BROOKLYN",24,"11232"
"475","2013","11233",NA,105.5,66.65,106.15,105.5,"NYC","BROOKLYN",18,"11233"
"476","2013","11234",NA,108.95,77.05,112.65,108.95,"NYC","BROOKLYN",20,"11234"
"477","2013","11235",NA,115.5,79.7,114,115.5,"NYC","BROOKLYN",147,"11235"
"478","2013","11236",NA,151.9,102.65,153.15,151.9,"NYC","BROOKLYN",16,"11236"
"479","2013","11237",NA,87.1,33.5,90.65,87.1,"NYC","BROOKLYN",26,"11237"
"480","2013","11238",NA,131,80.85,119.75,131,"NYC","BROOKLYN",60,"11238"
"481","2013","11239",NA,132,86,132.6,132,"NYC","BROOKLYN",9,"11239"
"482","2013","11249",NA,73.8,50.7,96.8,73.8,"NYC","BROOKLYN",41,"11249"
"483","2013","10001",NA,142.55,73.3,141.6,142.55,"NYC","MANHATTAN",223,"10001"
"484","2013","10002",NA,135.05,81.6,134.1,135.05,"NYC","MANHATTAN",49,"10002"
"485","2013","10003",NA,152.8,84.6,156.1,152.8,"NYC","MANHATTAN",175,"10003"
"486","2013","10004",NA,223.45,98,219.1,223.45,"NYC","MANHATTAN",37,"10004"
"487","2013","10005",NA,182.4,75.6,178,182.4,"NYC","MANHATTAN",38,"10005"
"488","2013","10006",NA,148.4,71.3,147.8,148.4,"NYC","MANHATTAN",23,"10006"
"489","2013","10007",NA,166.2,79.8,166.3,166.2,"NYC","MANHATTAN",31,"10007"
"490","2013","10009",NA,114.35,71.3,116.95,114.35,"NYC","MANHATTAN",24,"10009"
"491","2013","10010",NA,146.7,79.4,152.5,146.7,"NYC","MANHATTAN",132,"10010"
"492","2013","10011",NA,145.6,78.1,144.8,145.6,"NYC","MANHATTAN",197,"10011"
"493","2013","10012",NA,145.45,70.9,154.4,145.45,"NYC","MANHATTAN",82,"10012"
"494","2013","10013",NA,149.5,76.4,151.5,149.5,"NYC","MANHATTAN",113,"10013"
"495","2013","10014",NA,145.7,82.05,151,145.7,"NYC","MANHATTAN",78,"10014"
"496","2013","10016",NA,155.3,83.3,153.3,155.3,"NYC","MANHATTAN",241,"10016"
"497","2013","10017",NA,187.65,90.7,187.6,187.65,"NYC","MANHATTAN",149,"10017"
"498","2013","10018",NA,161.45,73.2,160,161.45,"NYC","MANHATTAN",171,"10018"
"499","2013","10019",NA,177.2,91.85,177.6,177.2,"NYC","MANHATTAN",214,"10019"
"500","2013","10020",NA,256.65,119.25,257.95,256.65,"NYC","MANHATTAN",10,"10020"
"501","2013","10021",NA,132.85,78,133.3,132.85,"NYC","MANHATTAN",197,"10021"
"502","2013","10022",NA,158.25,86.4,157.7,158.25,"NYC","MANHATTAN",256,"10022"
"503","2013","10023",NA,136.2,82.55,136.3,136.2,"NYC","MANHATTAN",192,"10023"
"504","2013","10024",NA,111.1,74.9,112,111.1,"NYC","MANHATTAN",213,"10024"
"505","2013","10025",NA,108.7,75.8,110.05,108.7,"NYC","MANHATTAN",250,"10025"
"506","2013","10026",NA,127.25,76.5,127.95,127.25,"NYC","MANHATTAN",54,"10026"
"507","2013","10027",NA,113.9,78.5,117.1,113.9,"NYC","MANHATTAN",93,"10027"
"508","2013","10028",NA,130.1,82.4,128.9,130.1,"NYC","MANHATTAN",169,"10028"
"509","2013","10029",NA,146.2,85.6,145.9,146.2,"NYC","MANHATTAN",63,"10029"
"510","2013","10030",NA,131.2,87.6,130.85,131.2,"NYC","MANHATTAN",18,"10030"
"511","2013","10031",NA,127.05,96.3,127.5,127.05,"NYC","MANHATTAN",70,"10031"
"512","2013","10032",NA,139.7,105.35,141.05,139.7,"NYC","MANHATTAN",118,"10032"
"513","2013","10033",NA,125,95.2,125.9,125,"NYC","MANHATTAN",111,"10033"
"514","2013","10034",NA,129.6,96.95,130.75,129.6,"NYC","MANHATTAN",72,"10034"
"515","2013","10035",NA,143,95.2,154.4,143,"NYC","MANHATTAN",49,"10035"
"516","2013","10036",NA,217.1,99.9,217.55,217.1,"NYC","MANHATTAN",122,"10036"
"517","2013","10037",NA,133.4,90.6,132.2,133.4,"NYC","MANHATTAN",29,"10037"
"518","2013","10038",NA,159.5,73.3,160.85,159.5,"NYC","MANHATTAN",48,"10038"
"519","2013","10039",NA,131.85,84.3,133.7,131.85,"NYC","MANHATTAN",23,"10039"
"520","2013","10040",NA,131.3,95.8,134.3,131.3,"NYC","MANHATTAN",82,"10040"
"521","2013","10044",NA,151.7,80.1,151.9,151.7,"NYC","MANHATTAN",9,"10044"
"522","2013","10065",NA,142.1,87.75,144.05,142.1,"NYC","MANHATTAN",160,"10065"
"523","2013","10069",NA,158.15,89.7,156.2,158.15,"NYC","MANHATTAN",11,"10069"
"524","2013","10075",NA,124.5,78.6,123.6,124.5,"NYC","MANHATTAN",103,"10075"
"525","2013","10119",NA,264.3,98.8,265.6,264.3,"NYC","MANHATTAN",3,"10119"
"526","2013","10128",NA,119.9,79.6,121.2,119.9,"NYC","MANHATTAN",154,"10128"
"527","2013","10129",NA,69.5,60.3,88,69.5,"NYC","MANHATTAN",3,"10129"
"528","2013","10280",NA,151.6,80.2,151.9,151.6,"NYC","MANHATTAN",18,"10280"
"529","2013","10281",NA,229.3,109.7,229.8,229.3,"NYC","MANHATTAN",3,"10281"
"530","2013","10282",NA,180.8,88.85,181.25,180.8,"NYC","MANHATTAN",10,"10282"
"531","2013","10463",NA,143.2,80.75,122.05,143.2,"NYC","MANHATTAN",6,"10463"
"532","2013","11004",NA,236,171.2,235.9,236,"NYC","QUEENS",14,"11004"
"533","2013","11040",NA,NA,101.6,212.7,NA,"NYC","QUEENS",2,"11040"
"534","2013","11101",NA,112.95,58.8,112.4,112.95,"NYC","QUEENS",109,"11101"
"535","2013","11102",NA,129.5,83.6,123.7,129.5,"NYC","QUEENS",27,"11102"
"536","2013","11103",NA,116.95,92.9,119.3,116.95,"NYC","QUEENS",9,"11103"
"537","2013","11104",NA,115.2,88.4,118.8,115.2,"NYC","QUEENS",57,"11104"
"538","2013","11105",NA,88.6,78.8,96.1,88.6,"NYC","QUEENS",13,"11105"
"539","2013","11106",NA,125.4,86.8,120.1,125.4,"NYC","QUEENS",29,"11106"
"540","2013","11109",NA,131.9,77.8,140.35,131.9,"NYC","QUEENS",4,"11109"
"541","2013","11354",NA,133.2,91.65,134.35,133.2,"NYC","QUEENS",86,"11354"
"542","2013","11355",NA,126.4,92.3,126.9,126.4,"NYC","QUEENS",100,"11355"
"543","2013","11356",NA,229.15,101.2,200.9,229.15,"NYC","QUEENS",15,"11356"
"544","2013","11357",NA,146.4,87.65,160.15,146.4,"NYC","QUEENS",28,"11357"
"545","2013","11358",NA,98.15,71.65,98.6,98.15,"NYC","QUEENS",8,"11358"
"546","2013","11360",NA,153.5,74.7,153.9,153.5,"NYC","QUEENS",35,"11360"
"547","2013","11361",NA,132.4,91.8,132.6,132.4,"NYC","QUEENS",6,"11361"
"548","2013","11362",NA,152.7,112.4,164.5,152.7,"NYC","QUEENS",37,"11362"
"549","2013","11363",NA,128.5,45.45,77.2,128.5,"NYC","QUEENS",2,"11363"
"550","2013","11364",NA,752.7,703.7,752.7,752.7,"NYC","QUEENS",49,"11364"
"551","2013","11365",NA,235,154.1,235.7,235,"NYC","QUEENS",57,"11365"
"552","2013","11366",NA,453.9,325.7,454.7,453.9,"NYC","QUEENS",11,"11366"
"553","2013","11367",NA,145.4,101.4,141.4,145.4,"NYC","QUEENS",62,"11367"
"554","2013","11368",NA,125.3,86.3,127.1,125.3,"NYC","QUEENS",29,"11368"
"555","2013","11369",NA,155.1,93.3,164.15,155.1,"NYC","QUEENS",12,"11369"
"556","2013","11370",NA,109.7,77.05,111.55,109.7,"NYC","QUEENS",16,"11370"
"557","2013","11372",NA,112.65,81.6,114.1,112.65,"NYC","QUEENS",122,"11372"
"558","2013","11373",NA,125.1,90.5,124.6,125.1,"NYC","QUEENS",119,"11373"
"559","2013","11374",NA,118.75,83.9,121.8,118.75,"NYC","QUEENS",95,"11374"
"560","2013","11375",NA,116.4,80.9,117,116.4,"NYC","QUEENS",183,"11375"
"561","2013","11377",NA,108,77.1,108.9,108,"NYC","QUEENS",59,"11377"
"562","2013","11378",NA,105.8,43.9,92.8,105.8,"NYC","QUEENS",27,"11378"
"563","2013","11379",NA,95.4,74.85,128.2,95.4,"NYC","QUEENS",4,"11379"
"564","2013","11385",NA,64.7,34.45,65.3,64.7,"NYC","QUEENS",18,"11385"
"565","2013","11412",NA,NA,65.2,113,NA,"NYC","QUEENS",2,"11412"
"566","2013","11413",NA,171.3,53.7,160.9,171.3,"NYC","QUEENS",7,"11413"
"567","2013","11414",NA,118.3,83.55,123.05,118.3,"NYC","QUEENS",14,"11414"
"568","2013","11415",NA,110.8,76.9,111.8,110.8,"NYC","QUEENS",41,"11415"
"569","2013","11417",NA,32,11.4,32.05,32,"NYC","QUEENS",2,"11417"
"570","2013","11418",NA,117.2,74.3,114.6,117.2,"NYC","QUEENS",25,"11418"
"571","2013","11421",NA,124.1,90.15,124.7,124.1,"NYC","QUEENS",8,"11421"
"572","2013","11422",NA,142.5,77.75,125.5,142.5,"NYC","QUEENS",2,"11422"
"573","2013","11423",NA,99.15,83.05,122.95,99.15,"NYC","QUEENS",12,"11423"
"574","2013","11426",NA,102.95,78.6,107.5,102.95,"NYC","QUEENS",7,"11426"
"575","2013","11427",NA,119.1,90.15,120,119.1,"NYC","QUEENS",8,"11427"
"576","2013","11428",NA,117.65,67.5,118.2,117.65,"NYC","QUEENS",2,"11428"
"577","2013","11429",NA,137.95,85.1,137.85,137.95,"NYC","QUEENS",4,"11429"
"578","2013","11430",NA,230.5,105,230.7,230.5,"NYC","QUEENS",2,"11430"
"579","2013","11432",NA,139.9,91.8,139.4,139.9,"NYC","QUEENS",115,"11432"
"580","2013","11433",NA,101.6,79.65,102.45,101.6,"NYC","QUEENS",10,"11433"
"581","2013","11434",NA,160.45,72.5,123.3,160.45,"NYC","QUEENS",17,"11434"
"582","2013","11435",NA,123.2,86.7,123.6,123.2,"NYC","QUEENS",74,"11435"
"583","2013","11436",NA,241.1,87.1,210.6,241.1,"NYC","QUEENS",3,"11436"
"584","2013","11691",NA,97.3,73.8,110.9,97.3,"NYC","QUEENS",55,"11691"
"585","2013","11692",NA,217.5,138.8,190.55,217.5,"NYC","QUEENS",6,"11692"
"586","2013","11693",NA,94.3,35.6,95,94.3,"NYC","QUEENS",9,"11693"
"587","2013","11694",NA,130.55,61.85,99.7,130.55,"NYC","QUEENS",14,"11694"
"588","2013","10301",NA,143.25,112.6,141.6,143.25,"NYC","STATENISLAND",55,"10301"
"589","2013","10303",NA,226.9,86,165.7,226.9,"NYC","STATENISLAND",9,"10303"
"590","2013","10304",NA,131.1,92.5,143.8,131.1,"NYC","STATENISLAND",17,"10304"
"591","2013","10305",NA,106,82.6,126.85,106,"NYC","STATENISLAND",10,"10305"
"592","2013","10306",NA,114.95,79.3,106,114.95,"NYC","STATENISLAND",15,"10306"
"593","2013","10309",NA,213.25,83.1,213.2,213.25,"NYC","STATENISLAND",7,"10309"
"594","2013","10312",NA,435.2,138.95,281.55,435.2,"NYC","STATENISLAND",4,"10312"
"595","2013","10314",NA,164.7,66,165.1,164.7,"NYC","STATENISLAND",29,"10314"
"596","2014","10451",NA,128.3,88.3,131.9,128.3,"NYC","BRONX",85,"10451"
"597","2014","10452",NA,126.4,95.4,132.3,126.4,"NYC","BRONX",173,"10452"
"598","2014","10453",NA,128.9,93.45,131.55,128.9,"NYC","BRONX",136,"10453"
"599","2014","10454",NA,106.5,53.1,103.9,106.5,"NYC","BRONX",39,"10454"
"600","2014","10455",NA,119.2,81.4,121.35,119.2,"NYC","BRONX",48,"10455"
"601","2014","10456",NA,124.2,89.8,130.05,124.2,"NYC","BRONX",90,"10456"
"602","2014","10457",NA,129.5,92.7,133.7,129.5,"NYC","BRONX",107,"10457"
"603","2014","10458",NA,117.3,91.4,126.3,117.3,"NYC","BRONX",114,"10458"
"604","2014","10459",NA,128.15,91.6,135.55,128.15,"NYC","BRONX",54,"10459"
"605","2014","10460",NA,143,96.55,146.5,143,"NYC","BRONX",64,"10460"
"606","2014","10461",NA,128,86,133.7,128,"NYC","BRONX",53,"10461"
"607","2014","10462",NA,119,92.3,124.7,119,"NYC","BRONX",83,"10462"
"608","2014","10463",NA,126.4,95.45,131.3,126.4,"NYC","BRONX",194,"10463"
"609","2014","10464",NA,79.5,105.4,135.2,79.5,"NYC","BRONX",2,"10464"
"610","2014","10465",NA,175,120.8,184.5,175,"NYC","BRONX",11,"10465"
"611","2014","10466",NA,125.85,91.65,129.1,125.85,"NYC","BRONX",30,"10466"
"612","2014","10467",NA,119.7,92.5,124.35,119.7,"NYC","BRONX",160,"10467"
"613","2014","10468",NA,120.35,90.55,122.85,120.35,"NYC","BRONX",130,"10468"
"614","2014","10469",NA,170,127.2,172.9,170,"NYC","BRONX",18,"10469"
"615","2014","10470",NA,114.8,91.7,121.2,114.8,"NYC","BRONX",21,"10470"
"616","2014","10471",NA,128.2,94.1,128.9,128.2,"NYC","BRONX",55,"10471"
"617","2014","10472",NA,143.8,105.05,143.55,143.8,"NYC","BRONX",62,"10472"
"618","2014","10473",NA,127.2,85.7,137.6,127.2,"NYC","BRONX",29,"10473"
"619","2014","10474",NA,130.9,85.6,132.8,130.9,"NYC","BRONX",20,"10474"
"620","2014","10475",NA,111.4,50.9,115.8,111.4,"NYC","BRONX",19,"10475"
"621","2014","11201",NA,130.05,81.6,135,130.05,"NYC","BROOKLYN",150,"11201"
"622","2014","11203",NA,121.8,89.2,125,121.8,"NYC","BROOKLYN",41,"11203"
"623","2014","11204",NA,99.6,75.4,102.7,99.6,"NYC","BROOKLYN",35,"11204"
"624","2014","11205",NA,118.5,75.95,126.45,118.5,"NYC","BROOKLYN",44,"11205"
"625","2014","11206",NA,134,86.9,138.85,134,"NYC","BROOKLYN",44,"11206"
"626","2014","11207",NA,98.8,62.8,100.6,98.8,"NYC","BROOKLYN",39,"11207"
"627","2014","11208",NA,139.4,89.25,142.9,139.4,"NYC","BROOKLYN",20,"11208"
"628","2014","11209",NA,107.1,80.95,110.9,107.1,"NYC","BROOKLYN",108,"11209"
"629","2014","11210",NA,114.1,81.6,113.2,114.1,"NYC","BROOKLYN",53,"11210"
"630","2014","11211",NA,120.15,66.1,126,120.15,"NYC","BROOKLYN",37,"11211"
"631","2014","11212",NA,148.7,86.95,151.05,148.7,"NYC","BROOKLYN",54,"11212"
"632","2014","11213",NA,110.05,79.5,114.4,110.05,"NYC","BROOKLYN",57,"11213"
"633","2014","11214",NA,126.35,88.7,125.1,126.35,"NYC","BROOKLYN",60,"11214"
"634","2014","11215",NA,118.55,70.35,111.7,118.55,"NYC","BROOKLYN",36,"11215"
"635","2014","11216",NA,151.45,97.9,154.4,151.45,"NYC","BROOKLYN",19,"11216"
"636","2014","11217",NA,133.85,84.9,134,133.85,"NYC","BROOKLYN",37,"11217"
"637","2014","11218",NA,107,80.35,109.05,107,"NYC","BROOKLYN",88,"11218"
"638","2014","11219",NA,102.75,75.3,104.7,102.75,"NYC","BROOKLYN",52,"11219"
"639","2014","11220",NA,123.3,79.8,123,123.3,"NYC","BROOKLYN",23,"11220"
"640","2014","11221",NA,146.95,109,153.5,146.95,"NYC","BROOKLYN",19,"11221"
"641","2014","11222",NA,96.6,54.3,97.6,96.6,"NYC","BROOKLYN",17,"11222"
"642","2014","11223",NA,102.5,82.55,107.75,102.5,"NYC","BROOKLYN",56,"11223"
"643","2014","11224",NA,163.95,101.15,168.6,163.95,"NYC","BROOKLYN",34,"11224"
"644","2014","11225",NA,121.9,89.5,122.4,121.9,"NYC","BROOKLYN",91,"11225"
"645","2014","11226",NA,115.4,86.6,119.8,115.4,"NYC","BROOKLYN",183,"11226"
"646","2014","11228",NA,155.8,119.65,159.45,155.8,"NYC","BROOKLYN",4,"11228"
"647","2014","11229",NA,110.1,85.8,117.7,110.1,"NYC","BROOKLYN",100,"11229"
"648","2014","11230",NA,105.2,82.9,108.7,105.2,"NYC","BROOKLYN",163,"11230"
"649","2014","11231",NA,107,63.7,118.1,107,"NYC","BROOKLYN",15,"11231"
"650","2014","11232",NA,98.45,55.85,99.9,98.45,"NYC","BROOKLYN",26,"11232"
"651","2014","11233",NA,104.6,69.3,114,104.6,"NYC","BROOKLYN",24,"11233"
"652","2014","11234",NA,117.1,74.15,111.25,117.1,"NYC","BROOKLYN",24,"11234"
"653","2014","11235",NA,114.5,82.7,115.2,114.5,"NYC","BROOKLYN",147,"11235"
"654","2014","11236",NA,162.1,101.2,165.45,162.1,"NYC","BROOKLYN",18,"11236"
"655","2014","11237",NA,84.1,40.35,91.2,84.1,"NYC","BROOKLYN",28,"11237"
"656","2014","11238",NA,117.3,84.1,124.3,117.3,"NYC","BROOKLYN",56,"11238"
"657","2014","11239",NA,131.4,86.9,133.5,131.4,"NYC","BROOKLYN",9,"11239"
"658","2014","11249",NA,97.3,59.9,110.2,97.3,"NYC","BROOKLYN",37,"11249"
"659","2014","10001",NA,151.95,76.45,152.4,151.95,"NYC","MANHATTAN",210,"10001"
"660","2014","10002",NA,141.3,95.5,146.2,141.3,"NYC","MANHATTAN",53,"10002"
"661","2014","10003",NA,151.65,87.2,156.5,151.65,"NYC","MANHATTAN",193,"10003"
"662","2014","10004",NA,221.3,99.7,222.8,221.3,"NYC","MANHATTAN",36,"10004"
"663","2014","10005",NA,178.7,82.1,182.9,178.7,"NYC","MANHATTAN",37,"10005"
"664","2014","10006",NA,179,79.3,183.3,179,"NYC","MANHATTAN",21,"10006"
"665","2014","10007",NA,155.35,77.9,158.3,155.35,"NYC","MANHATTAN",34,"10007"
"666","2014","10009",NA,105.7,75.35,124.75,105.7,"NYC","MANHATTAN",28,"10009"
"667","2014","10010",NA,167.2,86.85,161.95,167.2,"NYC","MANHATTAN",128,"10010"
"668","2014","10011",NA,141.75,84.3,146.35,141.75,"NYC","MANHATTAN",206,"10011"
"669","2014","10012",NA,154.8,76.1,161.9,154.8,"NYC","MANHATTAN",79,"10012"
"670","2014","10013",NA,157.2,80.4,160.4,157.2,"NYC","MANHATTAN",117,"10013"
"671","2014","10014",NA,153,81,145.9,153,"NYC","MANHATTAN",81,"10014"
"672","2014","10016",NA,160.4,85.7,163.5,160.4,"NYC","MANHATTAN",248,"10016"
"673","2014","10017",NA,184.2,93.9,185.3,184.2,"NYC","MANHATTAN",177,"10017"
"674","2014","10018",NA,164.9,76.9,165.45,164.9,"NYC","MANHATTAN",184,"10018"
"675","2014","10019",NA,183.6,94.65,181.9,183.6,"NYC","MANHATTAN",212,"10019"
"676","2014","10020",NA,244.5,113.2,247.8,244.5,"NYC","MANHATTAN",7,"10020"
"677","2014","10021",NA,133.35,82.4,132.95,133.35,"NYC","MANHATTAN",168,"10021"
"678","2014","10022",NA,185.7,89.3,181.8,185.7,"NYC","MANHATTAN",248,"10022"
"679","2014","10023",NA,128.5,82.4,130.7,128.5,"NYC","MANHATTAN",183,"10023"
"680","2014","10024",NA,106.65,75.6,110,106.65,"NYC","MANHATTAN",220,"10024"
"681","2014","10025",NA,111.6,81.3,114.9,111.6,"NYC","MANHATTAN",251,"10025"
"682","2014","10026",NA,136.1,93.6,139.2,136.1,"NYC","MANHATTAN",61,"10026"
"683","2014","10027",NA,111.6,78.5,114,111.6,"NYC","MANHATTAN",97,"10027"
"684","2014","10028",NA,125,80.3,128.4,125,"NYC","MANHATTAN",155,"10028"
"685","2014","10029",NA,144.1,88.25,144.4,144.1,"NYC","MANHATTAN",74,"10029"
"686","2014","10030",NA,142.25,110.3,150.8,142.25,"NYC","MANHATTAN",21,"10030"
"687","2014","10031",NA,124.65,100.1,130.65,124.65,"NYC","MANHATTAN",76,"10031"
"688","2014","10032",NA,135.4,103.5,141.1,135.4,"NYC","MANHATTAN",125,"10032"
"689","2014","10033",NA,130.05,98.4,132.1,130.05,"NYC","MANHATTAN",109,"10033"
"690","2014","10034",NA,121.5,95.75,130.45,121.5,"NYC","MANHATTAN",70,"10034"
"691","2014","10035",NA,143.2,87.2,145.5,143.2,"NYC","MANHATTAN",49,"10035"
"692","2014","10036",NA,220,105.3,222.9,220,"NYC","MANHATTAN",139,"10036"
"693","2014","10037",NA,129.9,95.4,133.5,129.9,"NYC","MANHATTAN",27,"10037"
"694","2014","10038",NA,163.4,80.3,164.9,163.4,"NYC","MANHATTAN",53,"10038"
"695","2014","10039",NA,128.15,86.3,132.4,128.15,"NYC","MANHATTAN",25,"10039"
"696","2014","10040",NA,129.75,96.05,132.05,129.75,"NYC","MANHATTAN",84,"10040"
"697","2014","10044",NA,153.75,92.25,157.5,153.75,"NYC","MANHATTAN",8,"10044"
"698","2014","10065",NA,146.8,86.4,146.3,146.8,"NYC","MANHATTAN",141,"10065"
"699","2014","10069",NA,151.8,91.6,154.55,151.8,"NYC","MANHATTAN",8,"10069"
"700","2014","10075",NA,124.8,82.9,128.1,124.8,"NYC","MANHATTAN",91,"10075"
"701","2014","10119",NA,180.55,95.9,234.6,180.55,"NYC","MANHATTAN",3,"10119"
"702","2014","10128",NA,120.5,81.05,124.4,120.5,"NYC","MANHATTAN",146,"10128"
"703","2014","10129",NA,89.45,61.1,94.9,89.45,"NYC","MANHATTAN",3,"10129"
"704","2014","10280",NA,130.6,79.5,131.8,130.6,"NYC","MANHATTAN",19,"10280"
"705","2014","10281",NA,224.1,107,225,224.1,"NYC","MANHATTAN",4,"10281"
"706","2014","10282",NA,170.5,96.6,176.8,170.5,"NYC","MANHATTAN",9,"10282"
"707","2014","11004",NA,216.2,159.2,220,216.2,"NYC","QUEENS",13,"11004"
"708","2014","11101",NA,120.4,64.2,120.7,120.4,"NYC","QUEENS",123,"11101"
"709","2014","11102",NA,133.6,91.5,136.7,133.6,"NYC","QUEENS",21,"11102"
"710","2014","11103",NA,107.2,90.7,115.4,107.2,"NYC","QUEENS",9,"11103"
"711","2014","11104",NA,123.9,93.3,127.5,123.9,"NYC","QUEENS",62,"11104"
"712","2014","11105",NA,82.6,84.7,105.4,82.6,"NYC","QUEENS",11,"11105"
"713","2014","11106",NA,134.1,91.1,129.3,134.1,"NYC","QUEENS",29,"11106"
"714","2014","11109",NA,136.85,81.7,140.75,136.85,"NYC","QUEENS",4,"11109"
"715","2014","11354",NA,124.9,90.25,128.8,124.9,"NYC","QUEENS",90,"11354"
"716","2014","11355",NA,125,93.6,129.6,125,"NYC","QUEENS",107,"11355"
"717","2014","11356",NA,144.7,92.15,173.85,144.7,"NYC","QUEENS",18,"11356"
"718","2014","11357",NA,151.45,84.9,155.4,151.45,"NYC","QUEENS",28,"11357"
"719","2014","11358",NA,110,70.9,106.6,110,"NYC","QUEENS",10,"11358"
"720","2014","11360",NA,117,75.1,117.9,117,"NYC","QUEENS",25,"11360"
"721","2014","11361",NA,107.7,77.3,110.2,107.7,"NYC","QUEENS",7,"11361"
"722","2014","11362",NA,150.95,107.6,151.5,150.95,"NYC","QUEENS",17,"11362"
"723","2014","11363",NA,92.4,56.25,75.65,92.4,"NYC","QUEENS",4,"11363"
"724","2014","11364",NA,119.8,93,122.7,119.8,"NYC","QUEENS",21,"11364"
"725","2014","11365",NA,153.1,114.4,159.8,153.1,"NYC","QUEENS",25,"11365"
"726","2014","11366",NA,327.2,231.95,329.2,327.2,"NYC","QUEENS",2,"11366"
"727","2014","11367",NA,132.9,97.9,129.8,132.9,"NYC","QUEENS",31,"11367"
"728","2014","11368",NA,124.7,90.7,126.9,124.7,"NYC","QUEENS",45,"11368"
"729","2014","11369",NA,151.9,103.7,153.7,151.9,"NYC","QUEENS",12,"11369"
"730","2014","11370",NA,85.4,76,89.3,85.4,"NYC","QUEENS",16,"11370"
"731","2014","11372",NA,114.7,86.7,117.8,114.7,"NYC","QUEENS",130,"11372"
"732","2014","11373",NA,130.7,94.7,131.45,130.7,"NYC","QUEENS",116,"11373"
"733","2014","11374",NA,113.2,86.35,121.2,113.2,"NYC","QUEENS",98,"11374"
"734","2014","11375",NA,115.1,84.3,116.6,115.1,"NYC","QUEENS",183,"11375"
"735","2014","11377",NA,124.4,79.45,120.45,124.4,"NYC","QUEENS",64,"11377"
"736","2014","11378",NA,99.7,61.4,99.3,99.7,"NYC","QUEENS",35,"11378"
"737","2014","11379",NA,120.1,58,99.8,120.1,"NYC","QUEENS",4,"11379"
"738","2014","11385",NA,116.3,65.9,117.8,116.3,"NYC","QUEENS",18,"11385"
"739","2014","11412",NA,65.1,86.8,132.75,65.1,"NYC","QUEENS",2,"11412"
"740","2014","11413",NA,154.35,50.6,149.2,154.35,"NYC","QUEENS",9,"11413"
"741","2014","11414",NA,115.8,82.4,118.3,115.8,"NYC","QUEENS",16,"11414"
"742","2014","11415",NA,112.6,82.2,117.6,112.6,"NYC","QUEENS",47,"11415"
"743","2014","11416",NA,381.7,166,383.35,381.7,"NYC","QUEENS",2,"11416"
"744","2014","11417",NA,21.8,8.5,22.1,21.8,"NYC","QUEENS",3,"11417"
"745","2014","11418",NA,116.05,80.2,116.1,116.05,"NYC","QUEENS",25,"11418"
"746","2014","11421",NA,115.2,83.95,117.7,115.2,"NYC","QUEENS",8,"11421"
"747","2014","11422",NA,166.4,97.1,170.35,166.4,"NYC","QUEENS",2,"11422"
"748","2014","11423",NA,120.9,83.35,123.25,120.9,"NYC","QUEENS",16,"11423"
"749","2014","11426",NA,161,117.6,162.4,161,"NYC","QUEENS",5,"11426"
"750","2014","11427",NA,118.5,89.5,117.7,118.5,"NYC","QUEENS",10,"11427"
"751","2014","11428",NA,82,48.65,83.4,82,"NYC","QUEENS",2,"11428"
"752","2014","11429",NA,139.1,84.9,145.7,139.1,"NYC","QUEENS",3,"11429"
"753","2014","11430",NA,177.25,82.6,180.05,177.25,"NYC","QUEENS",2,"11430"
"754","2014","11432",NA,125.75,89.5,127.9,125.75,"NYC","QUEENS",93,"11432"
"755","2014","11433",NA,73.9,63.2,90.45,73.9,"NYC","QUEENS",12,"11433"
"756","2014","11434",NA,132.05,82.7,151.3,132.05,"NYC","QUEENS",17,"11434"
"757","2014","11435",NA,123.3,86.8,124.9,123.3,"NYC","QUEENS",65,"11435"
"758","2014","11436",NA,360.2,191.9,363.95,360.2,"NYC","QUEENS",2,"11436"
"759","2014","11691",NA,114.5,86.3,136.6,114.5,"NYC","QUEENS",41,"11691"
"760","2014","11692",NA,109,78.4,137.15,109,"NYC","QUEENS",12,"11692"
"761","2014","11693",NA,128.3,115.8,156.6,128.3,"NYC","QUEENS",11,"11693"
"762","2014","11694",NA,137.8,87.6,121.2,137.8,"NYC","QUEENS",13,"11694"
"763","2014","10301",NA,151.8,105.05,154.95,151.8,"NYC","STATENISLAND",42,"10301"
"764","2014","10302",NA,328.95,146.35,329.75,328.95,"NYC","STATENISLAND",2,"10302"
"765","2014","10303",NA,125,43.4,125.4,125,"NYC","STATENISLAND",9,"10303"
"766","2014","10304",NA,119.5,92,141.8,119.5,"NYC","STATENISLAND",18,"10304"
"767","2014","10305",NA,87.8,79.3,102.7,87.8,"NYC","STATENISLAND",9,"10305"
"768","2014","10306",NA,127.75,87.45,128.1,127.75,"NYC","STATENISLAND",10,"10306"
"769","2014","10309",NA,211.9,84.9,213.2,211.9,"NYC","STATENISLAND",7,"10309"
"770","2014","10310",NA,218.2,192.5,222.8,218.2,"NYC","STATENISLAND",3,"10310"
"771","2014","10312",NA,115.5,54.3,95.5,115.5,"NYC","STATENISLAND",7,"10312"
"772","2014","10314",NA,175.1,77.6,175.2,175.1,"NYC","STATENISLAND",31,"10314"
